{
  "categories": [
    {
      "name": "Popular on Netflix",
      "movies": [
        { "title": "Epic Adventure", "thumbnail": "https://via.placeholder.com/200x300", "trailer": "https://www.youtube.com/embed/dQw4w9WgXcQ" },
        { "title": "Romantic Drama", "thumbnail": "https://via.placeholder.com/200x300", "trailer": "https://www.youtube.com/embed/dQw4w9WgXcQ" },
        { "title": "Sci-Fi Thriller", "thumbnail": "https://via.placeholder.com/200x300", "trailer": "https://www.youtube.com/embed/dQw4w9WgXcQ" }
      ]
    },
    {
      "name": "Trending Now",
      "movies": [
        { "title": "Comedy Blast", "thumbnail": "https://via.placeholder.com/200x300", "trailer": "https://www.youtube.com/embed/dQw4w9WgXcQ" },
        { "title": "Horror Night", "thumbnail": "https://via.placeholder.com/200x300", "trailer": "https://www.youtube.com/embed/dQw4w9WgXcQ" }
      ]
    }
  ]
}